PairID,Pred_Score
ENG-test-0000,0.56
ENG-test-0001,0.76
ENG-test-0002,0.4
ENG-test-0003,0.25
ENG-test-0004,0.47
ENG-test-0005,0.23
ENG-test-0006,0.4
ENG-test-0007,0.47
ENG-test-0008,0.5
ENG-test-0009,0.47
ENG-test-0010,0.68
ENG-test-0011,0.25
ENG-test-0012,0.23
ENG-test-0013,0.47
ENG-test-0014,0.68
ENG-test-0015,0.76
ENG-test-0016,0.23
ENG-test-0017,0.4
ENG-test-0018,0.57
ENG-test-0019,0.23
ENG-test-0020,0.76
ENG-test-0021,0.25
ENG-test-0022,0.25
ENG-test-0023,0.23
ENG-test-0024,0.5
ENG-test-0025,0.47
ENG-test-0026,0.47
ENG-test-0027,0.47
ENG-test-0028,0.23
ENG-test-0029,0.47
ENG-test-0030,0.4
ENG-test-0031,0.47
ENG-test-0032,0.25
ENG-test-0033,0.47
ENG-test-0034,0.68
ENG-test-0035,0.37
ENG-test-0036,0.23
ENG-test-0037,0.78
ENG-test-0038,0.23
ENG-test-0039,0.68
ENG-test-0040,0.7
ENG-test-0041,0.29
ENG-test-0042,0.23
ENG-test-0043,0.4
ENG-test-0044,0.47
ENG-test-0045,0.23
ENG-test-0046,0.4
ENG-test-0047,0.25
ENG-test-0048,0.68
ENG-test-0049,0.47
ENG-test-0050,0.47
ENG-test-0051,0.5
ENG-test-0052,0.5
ENG-test-0053,0.7
ENG-test-0054,0.68
ENG-test-0055,0.4
ENG-test-0056,0.5
ENG-test-0057,0.47
ENG-test-0058,0.4
ENG-test-0059,0.76
ENG-test-0060,0.47
ENG-test-0061,0.23
ENG-test-0062,0.47
ENG-test-0063,0.47
ENG-test-0064,0.23
ENG-test-0065,0.7
ENG-test-0066,0.47
ENG-test-0067,0.25
ENG-test-0068,0.37
ENG-test-0069,0.21
ENG-test-0070,0.68
ENG-test-0071,0.47
ENG-test-0072,0.7
ENG-test-0073,0.22
ENG-test-0074,0.4
ENG-test-0075,0.23
ENG-test-0076,0.22
ENG-test-0077,0.7
ENG-test-0078,0.5
ENG-test-0079,0.5
ENG-test-0080,0.7
ENG-test-0081,0.5
ENG-test-0082,0.7
ENG-test-0083,0.76
ENG-test-0084,0.25
ENG-test-0085,0.23
ENG-test-0086,0.25
ENG-test-0087,0.47
ENG-test-0088,0.68
ENG-test-0089,0.23
ENG-test-0090,0.25
ENG-test-0091,0.4
ENG-test-0092,0.4
ENG-test-0093,0.23
ENG-test-0094,0.4
ENG-test-0095,0.68
ENG-test-0096,0.68
ENG-test-0097,0.47
ENG-test-0098,0.23
ENG-test-0099,0.23
ENG-test-0100,0.47
ENG-test-0101,0.25
ENG-test-0102,0.76
ENG-test-0103,0.25
ENG-test-0104,0.47
ENG-test-0105,0.68
ENG-test-0106,0.23
ENG-test-0107,0.4
ENG-test-0108,0.47
ENG-test-0109,0.25
ENG-test-0110,0.76
ENG-test-0111,0.23
ENG-test-0112,0.76
ENG-test-0113,0.68
ENG-test-0114,0.68
ENG-test-0115,0.76
ENG-test-0116,0.25
ENG-test-0117,0.23
ENG-test-0118,0.76
ENG-test-0119,0.4
ENG-test-0120,0.5
ENG-test-0121,0.7
ENG-test-0122,0.23
ENG-test-0123,0.68
ENG-test-0124,0.25
ENG-test-0125,0.25
ENG-test-0126,0.29
ENG-test-0127,0.76
ENG-test-0128,0.68
ENG-test-0129,0.36
ENG-test-0130,0.7
ENG-test-0131,0.37
ENG-test-0132,0.76
ENG-test-0133,0.21
ENG-test-0134,0.23
ENG-test-0135,0.68
ENG-test-0136,0.68
ENG-test-0137,0.47
ENG-test-0138,0.76
ENG-test-0139,0.4
ENG-test-0140,0.5
ENG-test-0141,0.23
ENG-test-0142,0.47
ENG-test-0143,0.4
ENG-test-0144,0.68
ENG-test-0145,0.25
ENG-test-0146,0.47
ENG-test-0147,0.5
ENG-test-0148,0.4
ENG-test-0149,0.47
ENG-test-0150,0.25
ENG-test-0151,0.23
ENG-test-0152,0.7
ENG-test-0153,0.5
ENG-test-0154,0.68
ENG-test-0155,0.23
ENG-test-0156,0.47
ENG-test-0157,0.7
ENG-test-0158,0.68
ENG-test-0159,0.68
ENG-test-0160,0.25
ENG-test-0161,0.7
ENG-test-0162,0.37
ENG-test-0163,0.47
ENG-test-0164,0.23
ENG-test-0165,0.7
ENG-test-0166,0.25
ENG-test-0167,0.7
ENG-test-0168,0.47
ENG-test-0169,0.23
ENG-test-0170,0.7
ENG-test-0171,0.4
ENG-test-0172,0.76
ENG-test-0173,0.7
ENG-test-0174,0.23
ENG-test-0175,0.25
ENG-test-0176,0.76
ENG-test-0177,0.47
ENG-test-0178,0.47
ENG-test-0179,0.47
ENG-test-0180,0.7
ENG-test-0181,0.7
ENG-test-0182,0.25
ENG-test-0183,0.23
ENG-test-0184,0.47
ENG-test-0185,0.7
ENG-test-0186,0.68
ENG-test-0187,0.47
ENG-test-0188,0.23
ENG-test-0189,0.76
ENG-test-0190,0.47
ENG-test-0191,0.23
ENG-test-0192,0.7
ENG-test-0193,0.47
ENG-test-0194,0.47
ENG-test-0195,0.21
ENG-test-0196,0.68
ENG-test-0197,0.76
ENG-test-0198,0.47
ENG-test-0199,0.4
ENG-test-0200,0.68
ENG-test-0201,0.47
ENG-test-0202,0.7
ENG-test-0203,0.68
ENG-test-0204,0.23
ENG-test-0205,0.76
ENG-test-0206,0.76
ENG-test-0207,0.8
ENG-test-0208,0.7
ENG-test-0209,0.25
ENG-test-0210,0.23
ENG-test-0211,0.47
ENG-test-0212,0.23
ENG-test-0213,0.36
ENG-test-0214,0.47
ENG-test-0215,0.25
ENG-test-0216,0.47
ENG-test-0217,0.25
ENG-test-0218,0.7
ENG-test-0219,0.25
ENG-test-0220,0.23
ENG-test-0221,0.68
ENG-test-0222,0.4
ENG-test-0223,0.7
ENG-test-0224,0.25
ENG-test-0225,0.68
ENG-test-0226,0.4
ENG-test-0227,0.47
ENG-test-0228,0.47
ENG-test-0229,0.76
ENG-test-0230,0.23
ENG-test-0231,0.23
ENG-test-0232,0.5
ENG-test-0233,0.25
ENG-test-0234,0.7
ENG-test-0235,0.76
ENG-test-0236,0.68
ENG-test-0237,0.25
ENG-test-0238,0.23
ENG-test-0239,0.68
ENG-test-0240,0.68
ENG-test-0241,0.7
ENG-test-0242,0.23
ENG-test-0243,0.37
ENG-test-0244,0.23
ENG-test-0245,0.29
ENG-test-0246,0.47
ENG-test-0247,0.25
ENG-test-0248,0.23
ENG-test-0249,0.7
ENG-test-0250,0.47
ENG-test-0251,0.76
ENG-test-0252,0.47
ENG-test-0253,0.47
ENG-test-0254,0.23
ENG-test-0255,0.47
ENG-test-0256,0.7
ENG-test-0257,0.23
ENG-test-0258,0.68
ENG-test-0259,0.22
ENG-test-0260,0.23
ENG-test-0261,0.76
ENG-test-0262,0.7
ENG-test-0263,0.68
ENG-test-0264,0.25
ENG-test-0265,0.47
ENG-test-0266,0.4
ENG-test-0267,0.37
ENG-test-0268,0.47
ENG-test-0269,0.25
ENG-test-0270,0.7
ENG-test-0271,0.7
ENG-test-0272,0.7
ENG-test-0273,0.25
ENG-test-0274,0.4
ENG-test-0275,0.57
ENG-test-0276,0.76
ENG-test-0277,0.7
ENG-test-0278,0.23
ENG-test-0279,0.25
ENG-test-0280,0.68
ENG-test-0281,0.37
ENG-test-0282,0.7
ENG-test-0283,0.68
ENG-test-0284,0.23
ENG-test-0285,0.47
ENG-test-0286,0.23
ENG-test-0287,0.25
ENG-test-0288,0.47
ENG-test-0289,0.7
ENG-test-0290,0.7
ENG-test-0291,0.7
ENG-test-0292,0.5
ENG-test-0293,0.22
ENG-test-0294,0.68
ENG-test-0295,0.25
ENG-test-0296,0.25
ENG-test-0297,0.47
ENG-test-0298,0.23
ENG-test-0299,0.7
ENG-test-0300,0.76
ENG-test-0301,0.4
ENG-test-0302,0.57
ENG-test-0303,0.5
ENG-test-0304,0.68
ENG-test-0305,0.47
ENG-test-0306,0.68
ENG-test-0307,0.68
ENG-test-0308,0.4
ENG-test-0309,0.47
ENG-test-0310,0.7
ENG-test-0311,0.7
ENG-test-0312,0.4
ENG-test-0313,0.7
ENG-test-0314,0.7
ENG-test-0315,0.23
ENG-test-0316,0.25
ENG-test-0317,0.47
ENG-test-0318,0.5
ENG-test-0319,0.23
ENG-test-0320,0.61
ENG-test-0321,0.68
ENG-test-0322,0.23
ENG-test-0323,0.7
ENG-test-0324,0.7
ENG-test-0325,0.4
ENG-test-0326,0.47
ENG-test-0327,0.23
ENG-test-0328,0.29
ENG-test-0329,0.76
ENG-test-0330,0.4
ENG-test-0331,0.47
ENG-test-0332,0.47
ENG-test-0333,0.68
ENG-test-0334,0.5
ENG-test-0335,0.76
ENG-test-0336,0.25
ENG-test-0337,0.23
ENG-test-0338,0.47
ENG-test-0339,0.5
ENG-test-0340,0.7
ENG-test-0341,0.23
ENG-test-0342,0.37
ENG-test-0343,0.23
ENG-test-0344,0.25
ENG-test-0345,0.25
ENG-test-0346,0.4
ENG-test-0347,0.7
ENG-test-0348,0.7
ENG-test-0349,0.68
ENG-test-0350,0.47
ENG-test-0351,0.25
ENG-test-0352,0.47
ENG-test-0353,0.7
ENG-test-0354,0.23
ENG-test-0355,0.7
ENG-test-0356,0.23
ENG-test-0357,0.23
ENG-test-0358,0.68
ENG-test-0359,0.5
ENG-test-0360,0.4
ENG-test-0361,0.68
ENG-test-0362,0.68
ENG-test-0363,0.47
ENG-test-0364,0.23
ENG-test-0365,0.25
ENG-test-0366,0.4
ENG-test-0367,0.68
ENG-test-0368,0.47
ENG-test-0369,0.57
ENG-test-0370,0.47
ENG-test-0371,0.7
ENG-test-0372,0.47
ENG-test-0373,0.4
ENG-test-0374,0.4
ENG-test-0375,0.59
ENG-test-0376,0.25
ENG-test-0377,0.76
ENG-test-0378,0.68
ENG-test-0379,0.23
ENG-test-0380,0.68
ENG-test-0381,0.76
ENG-test-0382,0.68
ENG-test-0383,0.47
ENG-test-0384,0.68
ENG-test-0385,0.25
ENG-test-0386,0.4
ENG-test-0387,0.68
ENG-test-0388,0.47
ENG-test-0389,0.4
ENG-test-0390,0.47
ENG-test-0391,0.76
ENG-test-0392,0.47
ENG-test-0393,0.25
ENG-test-0394,0.7
ENG-test-0395,0.47
ENG-test-0396,0.23
ENG-test-0397,0.25
ENG-test-0398,0.4
ENG-test-0399,0.75
ENG-test-0400,0.47
ENG-test-0401,0.47
ENG-test-0402,0.25
ENG-test-0403,0.68
ENG-test-0404,0.47
ENG-test-0405,0.76
ENG-test-0406,0.7
ENG-test-0407,0.47
ENG-test-0408,0.57
ENG-test-0409,0.68
ENG-test-0410,0.68
ENG-test-0411,0.5
ENG-test-0412,0.25
ENG-test-0413,0.5
ENG-test-0414,0.23
ENG-test-0415,0.23
ENG-test-0416,0.4
ENG-test-0417,0.25
ENG-test-0418,0.7
ENG-test-0419,0.25
ENG-test-0420,0.47
ENG-test-0421,0.23
ENG-test-0422,0.29
ENG-test-0423,0.23
ENG-test-0424,0.7
ENG-test-0425,0.7
ENG-test-0426,0.23
ENG-test-0427,0.8
ENG-test-0428,0.47
ENG-test-0429,0.7
ENG-test-0430,0.68
ENG-test-0431,0.7
ENG-test-0432,0.23
ENG-test-0433,0.68
ENG-test-0434,0.47
ENG-test-0435,0.47
ENG-test-0436,0.25
ENG-test-0437,0.47
ENG-test-0438,0.25
ENG-test-0439,0.5
ENG-test-0440,0.78
ENG-test-0441,0.4
ENG-test-0442,0.68
ENG-test-0443,0.47
ENG-test-0444,0.8
ENG-test-0445,0.25
ENG-test-0446,0.47
ENG-test-0447,0.47
ENG-test-0448,0.23
ENG-test-0449,0.47
ENG-test-0450,0.25
ENG-test-0451,0.37
ENG-test-0452,0.47
ENG-test-0453,0.4
ENG-test-0454,0.68
ENG-test-0455,0.5
ENG-test-0456,0.23
ENG-test-0457,0.68
ENG-test-0458,0.25
ENG-test-0459,0.25
ENG-test-0460,0.23
ENG-test-0461,0.37
ENG-test-0462,0.76
ENG-test-0463,0.68
ENG-test-0464,0.5
ENG-test-0465,0.25
ENG-test-0466,0.23
ENG-test-0467,0.7
ENG-test-0468,0.68
ENG-test-0469,0.59
ENG-test-0470,0.5
ENG-test-0471,0.25
ENG-test-0472,0.23
ENG-test-0473,0.76
ENG-test-0474,0.68
ENG-test-0475,0.25
ENG-test-0476,0.68
ENG-test-0477,0.68
ENG-test-0478,0.4
ENG-test-0479,0.68
ENG-test-0480,0.47
ENG-test-0481,0.23
ENG-test-0482,0.7
ENG-test-0483,0.76
ENG-test-0484,0.76
ENG-test-0485,0.7
ENG-test-0486,0.25
ENG-test-0487,0.4
ENG-test-0488,0.68
ENG-test-0489,0.25
ENG-test-0490,0.25
ENG-test-0491,0.4
ENG-test-0492,0.7
ENG-test-0493,0.4
ENG-test-0494,0.5
ENG-test-0495,0.5
ENG-test-0496,0.68
ENG-test-0497,0.76
ENG-test-0498,0.4
ENG-test-0499,0.25
ENG-test-0500,0.47
ENG-test-0501,0.36
ENG-test-0502,0.68
ENG-test-0503,0.25
ENG-test-0504,0.23
ENG-test-0505,0.7
ENG-test-0506,0.68
ENG-test-0507,0.5
ENG-test-0508,0.47
ENG-test-0509,0.47
ENG-test-0510,0.63
ENG-test-0511,0.47
ENG-test-0512,0.57
ENG-test-0513,0.47
ENG-test-0514,0.76
ENG-test-0515,0.68
ENG-test-0516,0.7
ENG-test-0517,0.23
ENG-test-0518,0.23
ENG-test-0519,0.29
ENG-test-0520,0.68
ENG-test-0521,0.5
ENG-test-0522,0.76
ENG-test-0523,0.76
ENG-test-0524,0.25
ENG-test-0525,0.29
ENG-test-0526,0.7
ENG-test-0527,0.25
ENG-test-0528,0.37
ENG-test-0529,0.47
ENG-test-0530,0.25
ENG-test-0531,0.47
ENG-test-0532,0.47
ENG-test-0533,0.25
ENG-test-0534,0.47
ENG-test-0535,0.68
ENG-test-0536,0.76
ENG-test-0537,0.68
ENG-test-0538,0.25
ENG-test-0539,0.25
ENG-test-0540,0.7
ENG-test-0541,0.7
ENG-test-0542,0.68
ENG-test-0543,0.5
ENG-test-0544,0.76
ENG-test-0545,0.36
ENG-test-0546,0.47
ENG-test-0547,0.23
ENG-test-0548,0.7
ENG-test-0549,0.4
ENG-test-0550,0.25
ENG-test-0551,0.5
ENG-test-0552,0.23
ENG-test-0553,0.76
ENG-test-0554,0.57
ENG-test-0555,0.25
ENG-test-0556,0.7
ENG-test-0557,0.22
ENG-test-0558,0.47
ENG-test-0559,0.47
ENG-test-0560,0.47
ENG-test-0561,0.29
ENG-test-0562,0.25
ENG-test-0563,0.25
ENG-test-0564,0.47
ENG-test-0565,0.29
ENG-test-0566,0.5
ENG-test-0567,0.76
ENG-test-0568,0.47
ENG-test-0569,0.23
ENG-test-0570,0.47
ENG-test-0571,0.47
ENG-test-0572,0.37
ENG-test-0573,0.47
ENG-test-0574,0.57
ENG-test-0575,0.47
ENG-test-0576,0.47
ENG-test-0577,0.76
ENG-test-0578,0.25
ENG-test-0579,0.47
ENG-test-0580,0.25
ENG-test-0581,0.47
ENG-test-0582,0.68
ENG-test-0583,0.23
ENG-test-0584,0.37
ENG-test-0585,0.4
ENG-test-0586,0.23
ENG-test-0587,0.23
ENG-test-0588,0.25
ENG-test-0589,0.29
ENG-test-0590,0.76
ENG-test-0591,0.4
ENG-test-0592,0.5
ENG-test-0593,0.25
ENG-test-0594,0.68
ENG-test-0595,0.25
ENG-test-0596,0.68
ENG-test-0597,0.47
ENG-test-0598,0.25
ENG-test-0599,0.25
ENG-test-0600,0.22
ENG-test-0601,0.4
ENG-test-0602,0.29
ENG-test-0603,0.5
ENG-test-0604,0.47
ENG-test-0605,0.7
ENG-test-0606,0.7
ENG-test-0607,0.23
ENG-test-0608,0.5
ENG-test-0609,0.47
ENG-test-0610,0.76
ENG-test-0611,0.7
ENG-test-0612,0.37
ENG-test-0613,0.29
ENG-test-0614,0.25
ENG-test-0615,0.68
ENG-test-0616,0.68
ENG-test-0617,0.25
ENG-test-0618,0.47
ENG-test-0619,0.47
ENG-test-0620,0.47
ENG-test-0621,0.25
ENG-test-0622,0.7
ENG-test-0623,0.76
ENG-test-0624,0.47
ENG-test-0625,0.7
ENG-test-0626,0.76
ENG-test-0627,0.47
ENG-test-0628,0.7
ENG-test-0629,0.47
ENG-test-0630,0.47
ENG-test-0631,0.29
ENG-test-0632,0.4
ENG-test-0633,0.76
ENG-test-0634,0.47
ENG-test-0635,0.25
ENG-test-0636,0.47
ENG-test-0637,0.23
ENG-test-0638,0.47
ENG-test-0639,0.23
ENG-test-0640,0.5
ENG-test-0641,0.47
ENG-test-0642,0.25
ENG-test-0643,0.63
ENG-test-0644,0.47
ENG-test-0645,0.47
ENG-test-0646,0.5
ENG-test-0647,0.29
ENG-test-0648,0.47
ENG-test-0649,0.68
ENG-test-0650,0.25
ENG-test-0651,0.23
ENG-test-0652,0.76
ENG-test-0653,0.25
ENG-test-0654,0.23
ENG-test-0655,0.4
ENG-test-0656,0.47
ENG-test-0657,0.37
ENG-test-0658,0.76
ENG-test-0659,0.47
ENG-test-0660,0.7
ENG-test-0661,0.68
ENG-test-0662,0.25
ENG-test-0663,0.23
ENG-test-0664,0.4
ENG-test-0665,0.47
ENG-test-0666,0.68
ENG-test-0667,0.23
ENG-test-0668,0.7
ENG-test-0669,0.47
ENG-test-0670,0.68
ENG-test-0671,0.23
ENG-test-0672,0.36
ENG-test-0673,0.76
ENG-test-0674,0.23
ENG-test-0675,0.47
ENG-test-0676,0.76
ENG-test-0677,0.47
ENG-test-0678,0.76
ENG-test-0679,0.47
ENG-test-0680,0.25
ENG-test-0681,0.47
ENG-test-0682,0.7
ENG-test-0683,0.47
ENG-test-0684,0.4
ENG-test-0685,0.23
ENG-test-0686,0.25
ENG-test-0687,0.25
ENG-test-0688,0.68
ENG-test-0689,0.25
ENG-test-0690,0.4
ENG-test-0691,0.47
ENG-test-0692,0.22
ENG-test-0693,0.23
ENG-test-0694,0.76
ENG-test-0695,0.7
ENG-test-0696,0.5
ENG-test-0697,0.7
ENG-test-0698,0.37
ENG-test-0699,0.68
ENG-test-0700,0.68
ENG-test-0701,0.25
ENG-test-0702,0.37
ENG-test-0703,0.47
ENG-test-0704,0.47
ENG-test-0705,0.23
ENG-test-0706,0.68
ENG-test-0707,0.25
ENG-test-0708,0.25
ENG-test-0709,0.23
ENG-test-0710,0.25
ENG-test-0711,0.68
ENG-test-0712,0.25
ENG-test-0713,0.47
ENG-test-0714,0.7
ENG-test-0715,0.47
ENG-test-0716,0.68
ENG-test-0717,0.5
ENG-test-0718,0.47
ENG-test-0719,0.23
ENG-test-0720,0.22
ENG-test-0721,0.25
ENG-test-0722,0.76
ENG-test-0723,0.47
ENG-test-0724,0.76
ENG-test-0725,0.68
ENG-test-0726,0.25
ENG-test-0727,0.23
ENG-test-0728,0.5
ENG-test-0729,0.8
ENG-test-0730,0.7
ENG-test-0731,0.47
ENG-test-0732,0.68
ENG-test-0733,0.7
ENG-test-0734,0.7
ENG-test-0735,0.4
ENG-test-0736,0.23
ENG-test-0737,0.25
ENG-test-0738,0.7
ENG-test-0739,0.47
ENG-test-0740,0.47
ENG-test-0741,0.37
ENG-test-0742,0.68
ENG-test-0743,0.68
ENG-test-0744,0.4
ENG-test-0745,0.7
ENG-test-0746,0.68
ENG-test-0747,0.23
ENG-test-0748,0.7
ENG-test-0749,0.5
ENG-test-0750,0.57
ENG-test-0751,0.5
ENG-test-0752,0.23
ENG-test-0753,0.68
ENG-test-0754,0.76
ENG-test-0755,0.25
ENG-test-0756,0.47
ENG-test-0757,0.47
ENG-test-0758,0.7
ENG-test-0759,0.47
ENG-test-0760,0.47
ENG-test-0761,0.68
ENG-test-0762,0.22
ENG-test-0763,0.7
ENG-test-0764,0.47
ENG-test-0765,0.47
ENG-test-0766,0.68
ENG-test-0767,0.47
ENG-test-0768,0.76
ENG-test-0769,0.68
ENG-test-0770,0.7
ENG-test-0771,0.25
ENG-test-0772,0.29
ENG-test-0773,0.47
ENG-test-0774,0.25
ENG-test-0775,0.47
ENG-test-0776,0.68
ENG-test-0777,0.47
ENG-test-0778,0.68
ENG-test-0779,0.25
ENG-test-0780,0.23
ENG-test-0781,0.7
ENG-test-0782,0.47
ENG-test-0783,0.25
ENG-test-0784,0.47
ENG-test-0785,0.47
ENG-test-0786,0.76
ENG-test-0787,0.47
ENG-test-0788,0.76
ENG-test-0789,0.37
ENG-test-0790,0.68
ENG-test-0791,0.4
ENG-test-0792,0.25
ENG-test-0793,0.57
ENG-test-0794,0.23
ENG-test-0795,0.7
ENG-test-0796,0.5
ENG-test-0797,0.76
ENG-test-0798,0.28
ENG-test-0799,0.23
ENG-test-0800,0.47
ENG-test-0801,0.23
ENG-test-0802,0.47
ENG-test-0803,0.68
ENG-test-0804,0.23
ENG-test-0805,0.23
ENG-test-0806,0.23
ENG-test-0807,0.7
ENG-test-0808,0.47
ENG-test-0809,0.47
ENG-test-0810,0.78
ENG-test-0811,0.76
ENG-test-0812,0.68
ENG-test-0813,0.23
ENG-test-0814,0.23
ENG-test-0815,0.68
ENG-test-0816,0.68
ENG-test-0817,0.68
ENG-test-0818,0.29
ENG-test-0819,0.47
ENG-test-0820,0.47
ENG-test-0821,0.25
ENG-test-0822,0.23
ENG-test-0823,0.47
ENG-test-0824,0.7
ENG-test-0825,0.5
ENG-test-0826,0.68
ENG-test-0827,0.23
ENG-test-0828,0.7
ENG-test-0829,0.47
ENG-test-0830,0.5
ENG-test-0831,0.7
ENG-test-0832,0.76
ENG-test-0833,0.7
ENG-test-0834,0.23
ENG-test-0835,0.68
ENG-test-0836,0.47
ENG-test-0837,0.23
ENG-test-0838,0.7
ENG-test-0839,0.47
ENG-test-0840,0.76
ENG-test-0841,0.25
ENG-test-0842,0.47
ENG-test-0843,0.23
ENG-test-0844,0.7
ENG-test-0845,0.29
ENG-test-0846,0.47
ENG-test-0847,0.25
ENG-test-0848,0.47
ENG-test-0849,0.68
ENG-test-0850,0.25
ENG-test-0851,0.47
ENG-test-0852,0.76
ENG-test-0853,0.47
ENG-test-0854,0.47
ENG-test-0855,0.76
ENG-test-0856,0.68
ENG-test-0857,0.25
ENG-test-0858,0.47
ENG-test-0859,0.5
ENG-test-0860,0.76
ENG-test-0861,0.5
ENG-test-0862,0.47
ENG-test-0863,0.47
ENG-test-0864,0.5
ENG-test-0865,0.47
ENG-test-0866,0.25
ENG-test-0867,0.7
ENG-test-0868,0.5
ENG-test-0869,0.23
ENG-test-0870,0.76
ENG-test-0871,0.47
ENG-test-0872,0.22
ENG-test-0873,0.5
ENG-test-0874,0.23
ENG-test-0875,0.23
ENG-test-0876,0.47
ENG-test-0877,0.76
ENG-test-0878,0.29
ENG-test-0879,0.47
ENG-test-0880,0.25
ENG-test-0881,0.23
ENG-test-0882,0.5
ENG-test-0883,0.7
ENG-test-0884,0.47
ENG-test-0885,0.23
ENG-test-0886,0.47
ENG-test-0887,0.7
ENG-test-0888,0.47
ENG-test-0889,0.68
ENG-test-0890,0.25
ENG-test-0891,0.7
ENG-test-0892,0.23
ENG-test-0893,0.23
ENG-test-0894,0.23
ENG-test-0895,0.25
ENG-test-0896,0.4
ENG-test-0897,0.4
ENG-test-0898,0.57
ENG-test-0899,0.37
ENG-test-0900,0.47
ENG-test-0901,0.25
ENG-test-0902,0.76
ENG-test-0903,0.5
ENG-test-0904,0.25
ENG-test-0905,0.7
ENG-test-0906,0.47
ENG-test-0907,0.25
ENG-test-0908,0.23
ENG-test-0909,0.25
ENG-test-0910,0.47
ENG-test-0911,0.23
ENG-test-0912,0.68
ENG-test-0913,0.4
ENG-test-0914,0.5
ENG-test-0915,0.25
ENG-test-0916,0.25
ENG-test-0917,0.68
ENG-test-0918,0.68
ENG-test-0919,0.47
ENG-test-0920,0.25
ENG-test-0921,0.23
ENG-test-0922,0.7
ENG-test-0923,0.23
ENG-test-0924,0.37
ENG-test-0925,0.56
ENG-test-0926,0.76
ENG-test-0927,0.47
ENG-test-0928,0.23
ENG-test-0929,0.68
ENG-test-0930,0.5
ENG-test-0931,0.5
ENG-test-0932,0.47
ENG-test-0933,0.7
ENG-test-0934,0.7
ENG-test-0935,0.47
ENG-test-0936,0.23
ENG-test-0937,0.23
ENG-test-0938,0.76
ENG-test-0939,0.23
ENG-test-0940,0.4
ENG-test-0941,0.76
ENG-test-0942,0.23
ENG-test-0943,0.22
ENG-test-0944,0.7
ENG-test-0945,0.23
ENG-test-0946,0.23
ENG-test-0947,0.23
ENG-test-0948,0.23
ENG-test-0949,0.5
ENG-test-0950,0.4
ENG-test-0951,0.29
ENG-test-0952,0.47
ENG-test-0953,0.29
ENG-test-0954,0.36
ENG-test-0955,0.7
ENG-test-0956,0.47
ENG-test-0957,0.47
ENG-test-0958,0.47
ENG-test-0959,0.23
ENG-test-0960,0.76
ENG-test-0961,0.7
ENG-test-0962,0.47
ENG-test-0963,0.5
ENG-test-0964,0.47
ENG-test-0965,0.23
ENG-test-0966,0.7
ENG-test-0967,0.47
ENG-test-0968,0.5
ENG-test-0969,0.68
ENG-test-0970,0.68
ENG-test-0971,0.23
ENG-test-0972,0.47
ENG-test-0973,0.47
ENG-test-0974,0.4
ENG-test-0975,0.5
ENG-test-0976,0.47
ENG-test-0977,0.47
ENG-test-0978,0.47
ENG-test-0979,0.23
ENG-test-0980,0.47
ENG-test-0981,0.7
ENG-test-0982,0.5
ENG-test-0983,0.47
ENG-test-0984,0.5
ENG-test-0985,0.5
ENG-test-0986,0.23
ENG-test-0987,0.47
ENG-test-0988,0.7
ENG-test-0989,0.7
ENG-test-0990,0.23
ENG-test-0991,0.76
ENG-test-0992,0.23
ENG-test-0993,0.7
ENG-test-0994,0.23
ENG-test-0995,0.7
ENG-test-0996,0.25
ENG-test-0997,0.23
ENG-test-0998,0.47
ENG-test-0999,0.7
ENG-test-1000,0.23
ENG-test-1001,0.5
ENG-test-1002,0.23
ENG-test-1003,0.25
ENG-test-1004,0.25
ENG-test-1005,0.68
ENG-test-1006,0.47
ENG-test-1007,0.25
ENG-test-1008,0.25
ENG-test-1009,0.68
ENG-test-1010,0.47
ENG-test-1011,0.8
ENG-test-1012,0.23
ENG-test-1013,0.47
ENG-test-1014,0.37
ENG-test-1015,0.47
ENG-test-1016,0.37
ENG-test-1017,0.4
ENG-test-1018,0.7
ENG-test-1019,0.25
ENG-test-1020,0.47
ENG-test-1021,0.29
ENG-test-1022,0.7
ENG-test-1023,0.47
ENG-test-1024,0.71
ENG-test-1025,0.47
ENG-test-1026,0.7
ENG-test-1027,0.23
ENG-test-1028,0.23
ENG-test-1029,0.7
ENG-test-1030,0.4
ENG-test-1031,0.25
ENG-test-1032,0.23
ENG-test-1033,0.47
ENG-test-1034,0.23
ENG-test-1035,0.23
ENG-test-1036,0.5
ENG-test-1037,0.76
ENG-test-1038,0.7
ENG-test-1039,0.4
ENG-test-1040,0.7
ENG-test-1041,0.76
ENG-test-1042,0.47
ENG-test-1043,0.23
ENG-test-1044,0.37
ENG-test-1045,0.47
ENG-test-1046,0.68
ENG-test-1047,0.76
ENG-test-1048,0.47
ENG-test-1049,0.5
ENG-test-1050,0.7
ENG-test-1051,0.76
ENG-test-1052,0.22
ENG-test-1053,0.76
ENG-test-1054,0.25
ENG-test-1055,0.5
ENG-test-1056,0.47
ENG-test-1057,0.47
ENG-test-1058,0.7
ENG-test-1059,0.25
ENG-test-1060,0.68
ENG-test-1061,0.22
ENG-test-1062,0.37
ENG-test-1063,0.5
ENG-test-1064,0.68
ENG-test-1065,0.68
ENG-test-1066,0.23
ENG-test-1067,0.5
ENG-test-1068,0.25
ENG-test-1069,0.7
ENG-test-1070,0.47
ENG-test-1071,0.7
ENG-test-1072,0.47
ENG-test-1073,0.47
ENG-test-1074,0.25
ENG-test-1075,0.76
ENG-test-1076,0.4
ENG-test-1077,0.23
ENG-test-1078,0.25
ENG-test-1079,0.7
ENG-test-1080,0.5
ENG-test-1081,0.47
ENG-test-1082,0.7
ENG-test-1083,0.4
ENG-test-1084,0.47
ENG-test-1085,0.23
ENG-test-1086,0.4
ENG-test-1087,0.7
ENG-test-1088,0.4
ENG-test-1089,0.47
ENG-test-1090,0.7
ENG-test-1091,0.76
ENG-test-1092,0.23
ENG-test-1093,0.29
ENG-test-1094,0.76
ENG-test-1095,0.47
ENG-test-1096,0.7
ENG-test-1097,0.68
ENG-test-1098,0.47
ENG-test-1099,0.23
ENG-test-1100,0.4
ENG-test-1101,0.76
ENG-test-1102,0.7
ENG-test-1103,0.47
ENG-test-1104,0.68
ENG-test-1105,0.68
ENG-test-1106,0.23
ENG-test-1107,0.68
ENG-test-1108,0.23
ENG-test-1109,0.47
ENG-test-1110,0.23
ENG-test-1111,0.7
ENG-test-1112,0.7
ENG-test-1113,0.47
ENG-test-1114,0.25
ENG-test-1115,0.47
ENG-test-1116,0.57
ENG-test-1117,0.47
ENG-test-1118,0.47
ENG-test-1119,0.23
ENG-test-1120,0.76
ENG-test-1121,0.37
ENG-test-1122,0.47
ENG-test-1123,0.47
ENG-test-1124,0.23
ENG-test-1125,0.47
ENG-test-1126,0.7
ENG-test-1127,0.4
ENG-test-1128,0.68
ENG-test-1129,0.7
ENG-test-1130,0.25
ENG-test-1131,0.7
ENG-test-1132,0.7
ENG-test-1133,0.57
ENG-test-1134,0.47
ENG-test-1135,0.23
ENG-test-1136,0.23
ENG-test-1137,0.68
ENG-test-1138,0.68
ENG-test-1139,0.23
ENG-test-1140,0.68
ENG-test-1141,0.68
ENG-test-1142,0.76
ENG-test-1143,0.23
ENG-test-1144,0.7
ENG-test-1145,0.47
ENG-test-1146,0.5
ENG-test-1147,0.68
ENG-test-1148,0.7
ENG-test-1149,0.23
ENG-test-1150,0.7
ENG-test-1151,0.68
ENG-test-1152,0.25
ENG-test-1153,0.47
ENG-test-1154,0.68
ENG-test-1155,0.37
ENG-test-1156,0.25
ENG-test-1157,0.68
ENG-test-1158,0.29
ENG-test-1159,0.68
ENG-test-1160,0.47
ENG-test-1161,0.23
ENG-test-1162,0.4
ENG-test-1163,0.7
ENG-test-1164,0.68
ENG-test-1165,0.7
ENG-test-1166,0.23
ENG-test-1167,0.7
ENG-test-1168,0.21
ENG-test-1169,0.47
ENG-test-1170,0.57
ENG-test-1171,0.4
ENG-test-1172,0.47
ENG-test-1173,0.7
ENG-test-1174,0.47
ENG-test-1175,0.7
ENG-test-1176,0.25
ENG-test-1177,0.25
ENG-test-1178,0.5
ENG-test-1179,0.23
ENG-test-1180,0.7
ENG-test-1181,0.68
ENG-test-1182,0.7
ENG-test-1183,0.7
ENG-test-1184,0.25
ENG-test-1185,0.25
ENG-test-1186,0.47
ENG-test-1187,0.4
ENG-test-1188,0.47
ENG-test-1189,0.7
ENG-test-1190,0.23
ENG-test-1191,0.36
ENG-test-1192,0.47
ENG-test-1193,0.47
ENG-test-1194,0.57
ENG-test-1195,0.25
ENG-test-1196,0.37
ENG-test-1197,0.21
ENG-test-1198,0.4
ENG-test-1199,0.68
ENG-test-1200,0.4
ENG-test-1201,0.36
ENG-test-1202,0.23
ENG-test-1203,0.25
ENG-test-1204,0.7
ENG-test-1205,0.22
ENG-test-1206,0.5
ENG-test-1207,0.68
ENG-test-1208,0.4
ENG-test-1209,0.25
ENG-test-1210,0.8
ENG-test-1211,0.5
ENG-test-1212,0.5
ENG-test-1213,0.22
ENG-test-1214,0.5
ENG-test-1215,0.25
ENG-test-1216,0.47
ENG-test-1217,0.25
ENG-test-1218,0.68
ENG-test-1219,0.4
ENG-test-1220,0.23
ENG-test-1221,0.47
ENG-test-1222,0.47
ENG-test-1223,0.47
ENG-test-1224,0.25
ENG-test-1225,0.25
ENG-test-1226,0.23
ENG-test-1227,0.22
ENG-test-1228,0.7
ENG-test-1229,0.68
ENG-test-1230,0.29
ENG-test-1231,0.25
ENG-test-1232,0.25
ENG-test-1233,0.7
ENG-test-1234,0.5
ENG-test-1235,0.25
ENG-test-1236,0.76
ENG-test-1237,0.23
ENG-test-1238,0.23
ENG-test-1239,0.47
ENG-test-1240,0.76
ENG-test-1241,0.68
ENG-test-1242,0.5
ENG-test-1243,0.25
ENG-test-1244,0.25
ENG-test-1245,0.5
ENG-test-1246,0.5
ENG-test-1247,0.47
ENG-test-1248,0.47
ENG-test-1249,0.7
ENG-test-1250,0.36
ENG-test-1251,0.23
ENG-test-1252,0.23
ENG-test-1253,0.23
ENG-test-1254,0.76
ENG-test-1255,0.47
ENG-test-1256,0.76
ENG-test-1257,0.7
ENG-test-1258,0.23
ENG-test-1259,0.76
ENG-test-1260,0.23
ENG-test-1261,0.47
ENG-test-1262,0.25
ENG-test-1263,0.47
ENG-test-1264,0.47
ENG-test-1265,0.68
ENG-test-1266,0.7
ENG-test-1267,0.8
ENG-test-1268,0.25
ENG-test-1269,0.25
ENG-test-1270,0.76
ENG-test-1271,0.5
ENG-test-1272,0.47
ENG-test-1273,0.5
ENG-test-1274,0.68
ENG-test-1275,0.23
ENG-test-1276,0.47
ENG-test-1277,0.25
ENG-test-1278,0.68
ENG-test-1279,0.23
ENG-test-1280,0.37
ENG-test-1281,0.23
ENG-test-1282,0.23
ENG-test-1283,0.25
ENG-test-1284,0.23
ENG-test-1285,0.23
ENG-test-1286,0.23
ENG-test-1287,0.47
ENG-test-1288,0.23
ENG-test-1289,0.25
ENG-test-1290,0.68
ENG-test-1291,0.23
ENG-test-1292,0.63
ENG-test-1293,0.23
ENG-test-1294,0.76
ENG-test-1295,0.63
ENG-test-1296,0.47
ENG-test-1297,0.68
ENG-test-1298,0.76
ENG-test-1299,0.25
ENG-test-1300,0.68
ENG-test-1301,0.47
ENG-test-1302,0.7
ENG-test-1303,0.23
ENG-test-1304,0.76
ENG-test-1305,0.5
ENG-test-1306,0.4
ENG-test-1307,0.47
ENG-test-1308,0.7
ENG-test-1309,0.47
ENG-test-1310,0.5
ENG-test-1311,0.4
ENG-test-1312,0.47
ENG-test-1313,0.47
ENG-test-1314,0.47
ENG-test-1315,0.25
ENG-test-1316,0.47
ENG-test-1317,0.47
ENG-test-1318,0.68
ENG-test-1319,0.4
ENG-test-1320,0.68
ENG-test-1321,0.47
ENG-test-1322,0.25
ENG-test-1323,0.68
ENG-test-1324,0.4
ENG-test-1325,0.23
ENG-test-1326,0.7
ENG-test-1327,0.7
ENG-test-1328,0.63
ENG-test-1329,0.29
ENG-test-1330,0.22
ENG-test-1331,0.25
ENG-test-1332,0.7
ENG-test-1333,0.7
ENG-test-1334,0.47
ENG-test-1335,0.4
ENG-test-1336,0.47
ENG-test-1337,0.25
ENG-test-1338,0.5
ENG-test-1339,0.25
ENG-test-1340,0.68
ENG-test-1341,0.23
ENG-test-1342,0.22
ENG-test-1343,0.68
ENG-test-1344,0.4
ENG-test-1345,0.68
ENG-test-1346,0.23
ENG-test-1347,0.68
ENG-test-1348,0.23
ENG-test-1349,0.25
ENG-test-1350,0.25
ENG-test-1351,0.7
ENG-test-1352,0.78
ENG-test-1353,0.76
ENG-test-1354,0.86
ENG-test-1355,0.68
ENG-test-1356,0.23
ENG-test-1357,0.68
ENG-test-1358,0.7
ENG-test-1359,0.23
ENG-test-1360,0.76
ENG-test-1361,0.7
ENG-test-1362,0.68
ENG-test-1363,0.23
ENG-test-1364,0.4
ENG-test-1365,0.22
ENG-test-1366,0.23
ENG-test-1367,0.25
ENG-test-1368,0.7
ENG-test-1369,0.25
ENG-test-1370,0.47
ENG-test-1371,0.4
ENG-test-1372,0.76
ENG-test-1373,0.4
ENG-test-1374,0.23
ENG-test-1375,0.37
ENG-test-1376,0.4
ENG-test-1377,0.23
ENG-test-1378,0.23
ENG-test-1379,0.47
ENG-test-1380,0.29
ENG-test-1381,0.7
ENG-test-1382,0.23
ENG-test-1383,0.68
ENG-test-1384,0.47
ENG-test-1385,0.5
ENG-test-1386,0.7
ENG-test-1387,0.23
ENG-test-1388,0.47
ENG-test-1389,0.7
ENG-test-1390,0.7
ENG-test-1391,0.57
ENG-test-1392,0.76
ENG-test-1393,0.37
ENG-test-1394,0.47
ENG-test-1395,0.76
ENG-test-1396,0.25
ENG-test-1397,0.47
ENG-test-1398,0.7
ENG-test-1399,0.47
ENG-test-1400,0.78
ENG-test-1401,0.23
ENG-test-1402,0.47
ENG-test-1403,0.7
ENG-test-1404,0.37
ENG-test-1405,0.23
ENG-test-1406,0.68
ENG-test-1407,0.47
ENG-test-1408,0.76
ENG-test-1409,0.5
ENG-test-1410,0.25
ENG-test-1411,0.25
ENG-test-1412,0.23
ENG-test-1413,0.23
ENG-test-1414,0.78
ENG-test-1415,0.23
ENG-test-1416,0.4
ENG-test-1417,0.23
ENG-test-1418,0.25
ENG-test-1419,0.68
ENG-test-1420,0.23
ENG-test-1421,0.76
ENG-test-1422,0.23
ENG-test-1423,0.78
ENG-test-1424,0.47
ENG-test-1425,0.76
ENG-test-1426,0.25
ENG-test-1427,0.4
ENG-test-1428,0.68
ENG-test-1429,0.4
ENG-test-1430,0.76
ENG-test-1431,0.47
ENG-test-1432,0.23
ENG-test-1433,0.25
ENG-test-1434,0.25
ENG-test-1435,0.37
ENG-test-1436,0.47
ENG-test-1437,0.47
ENG-test-1438,0.5
ENG-test-1439,0.68
ENG-test-1440,0.76
ENG-test-1441,0.47
ENG-test-1442,0.4
ENG-test-1443,0.68
ENG-test-1444,0.4
ENG-test-1445,0.47
ENG-test-1446,0.68
ENG-test-1447,0.5
ENG-test-1448,0.76
ENG-test-1449,0.78
ENG-test-1450,0.47
ENG-test-1451,0.47
ENG-test-1452,0.47
ENG-test-1453,0.47
ENG-test-1454,0.76
ENG-test-1455,0.7
ENG-test-1456,0.47
ENG-test-1457,0.47
ENG-test-1458,0.47
ENG-test-1459,0.47
ENG-test-1460,0.57
ENG-test-1461,0.23
ENG-test-1462,0.4
ENG-test-1463,0.4
ENG-test-1464,0.23
ENG-test-1465,0.23
ENG-test-1466,0.6
ENG-test-1467,0.23
ENG-test-1468,0.47
ENG-test-1469,0.47
ENG-test-1470,0.4
ENG-test-1471,0.47
ENG-test-1472,0.7
ENG-test-1473,0.7
ENG-test-1474,0.47
ENG-test-1475,0.29
ENG-test-1476,0.29
ENG-test-1477,0.25
ENG-test-1478,0.76
ENG-test-1479,0.68
ENG-test-1480,0.23
ENG-test-1481,0.5
ENG-test-1482,0.25
ENG-test-1483,0.47
ENG-test-1484,0.7
ENG-test-1485,0.68
ENG-test-1486,0.23
ENG-test-1487,0.47
ENG-test-1488,0.37
ENG-test-1489,0.47
ENG-test-1490,0.61
ENG-test-1491,0.7
ENG-test-1492,0.5
ENG-test-1493,0.23
ENG-test-1494,0.5
ENG-test-1495,0.68
ENG-test-1496,0.23
ENG-test-1497,0.4
ENG-test-1498,0.4
ENG-test-1499,0.25
ENG-test-1500,0.5
ENG-test-1501,0.76
ENG-test-1502,0.23
ENG-test-1503,0.25
ENG-test-1504,0.4
ENG-test-1505,0.4
ENG-test-1506,0.68
ENG-test-1507,0.5
ENG-test-1508,0.5
ENG-test-1509,0.68
ENG-test-1510,0.68
ENG-test-1511,0.25
ENG-test-1512,0.22
ENG-test-1513,0.37
ENG-test-1514,0.4
ENG-test-1515,0.7
ENG-test-1516,0.47
ENG-test-1517,0.4
ENG-test-1518,0.47
ENG-test-1519,0.7
ENG-test-1520,0.25
ENG-test-1521,0.7
ENG-test-1522,0.68
ENG-test-1523,0.4
ENG-test-1524,0.7
ENG-test-1525,0.29
ENG-test-1526,0.5
ENG-test-1527,0.57
ENG-test-1528,0.23
ENG-test-1529,0.7
ENG-test-1530,0.23
ENG-test-1531,0.23
ENG-test-1532,0.25
ENG-test-1533,0.5
ENG-test-1534,0.68
ENG-test-1535,0.68
ENG-test-1536,0.7
ENG-test-1537,0.25
ENG-test-1538,0.7
ENG-test-1539,0.23
ENG-test-1540,0.68
ENG-test-1541,0.25
ENG-test-1542,0.4
ENG-test-1543,0.23
ENG-test-1544,0.7
ENG-test-1545,0.68
ENG-test-1546,0.47
ENG-test-1547,0.22
ENG-test-1548,0.4
ENG-test-1549,0.5
ENG-test-1550,0.25
ENG-test-1551,0.23
ENG-test-1552,0.7
ENG-test-1553,0.25
ENG-test-1554,0.76
ENG-test-1555,0.76
ENG-test-1556,0.4
ENG-test-1557,0.47
ENG-test-1558,0.29
ENG-test-1559,0.57
ENG-test-1560,0.57
ENG-test-1561,0.47
ENG-test-1562,0.47
ENG-test-1563,0.47
ENG-test-1564,0.29
ENG-test-1565,0.47
ENG-test-1566,0.25
ENG-test-1567,0.76
ENG-test-1568,0.5
ENG-test-1569,0.25
ENG-test-1570,0.37
ENG-test-1571,0.63
ENG-test-1572,0.57
ENG-test-1573,0.47
ENG-test-1574,0.7
ENG-test-1575,0.5
ENG-test-1576,0.7
ENG-test-1577,0.76
ENG-test-1578,0.4
ENG-test-1579,0.7
ENG-test-1580,0.4
ENG-test-1581,0.5
ENG-test-1582,0.5
ENG-test-1583,0.23
ENG-test-1584,0.47
ENG-test-1585,0.47
ENG-test-1586,0.7
ENG-test-1587,0.23
ENG-test-1588,0.23
ENG-test-1589,0.7
ENG-test-1590,0.47
ENG-test-1591,0.23
ENG-test-1592,0.25
ENG-test-1593,0.4
ENG-test-1594,0.23
ENG-test-1595,0.68
ENG-test-1596,0.23
ENG-test-1597,0.76
ENG-test-1598,0.25
ENG-test-1599,0.25
ENG-test-1600,0.22
ENG-test-1601,0.4
ENG-test-1602,0.47
ENG-test-1603,0.76
ENG-test-1604,0.47
ENG-test-1605,0.7
ENG-test-1606,0.23
ENG-test-1607,0.4
ENG-test-1608,0.5
ENG-test-1609,0.68
ENG-test-1610,0.23
ENG-test-1611,0.7
ENG-test-1612,0.68
ENG-test-1613,0.25
ENG-test-1614,0.7
ENG-test-1615,0.68
ENG-test-1616,0.76
ENG-test-1617,0.7
ENG-test-1618,0.25
ENG-test-1619,0.47
ENG-test-1620,0.7
ENG-test-1621,0.7
ENG-test-1622,0.63
ENG-test-1623,0.68
ENG-test-1624,0.5
ENG-test-1625,0.47
ENG-test-1626,0.68
ENG-test-1627,0.68
ENG-test-1628,0.23
ENG-test-1629,0.76
ENG-test-1630,0.7
ENG-test-1631,0.58
ENG-test-1632,0.7
ENG-test-1633,0.5
ENG-test-1634,0.7
ENG-test-1635,0.7
ENG-test-1636,0.25
ENG-test-1637,0.23
ENG-test-1638,0.47
ENG-test-1639,0.7
ENG-test-1640,0.7
ENG-test-1641,0.76
ENG-test-1642,0.47
ENG-test-1643,0.68
ENG-test-1644,0.7
ENG-test-1645,0.25
ENG-test-1646,0.47
ENG-test-1647,0.4
ENG-test-1648,0.5
ENG-test-1649,0.47
ENG-test-1650,0.76
ENG-test-1651,0.76
ENG-test-1652,0.23
ENG-test-1653,0.47
ENG-test-1654,0.23
ENG-test-1655,0.68
ENG-test-1656,0.47
ENG-test-1657,0.47
ENG-test-1658,0.68
ENG-test-1659,0.53
ENG-test-1660,0.86
ENG-test-1661,0.76
ENG-test-1662,0.23
ENG-test-1663,0.68
ENG-test-1664,0.23
ENG-test-1665,0.57
ENG-test-1666,0.47
ENG-test-1667,0.47
ENG-test-1668,0.68
ENG-test-1669,0.25
ENG-test-1670,0.5
ENG-test-1671,0.68
ENG-test-1672,0.68
ENG-test-1673,0.23
ENG-test-1674,0.7
ENG-test-1675,0.29
ENG-test-1676,0.68
ENG-test-1677,0.23
ENG-test-1678,0.5
ENG-test-1679,0.29
ENG-test-1680,0.47
ENG-test-1681,0.76
ENG-test-1682,0.47
ENG-test-1683,0.29
ENG-test-1684,0.68
ENG-test-1685,0.7
ENG-test-1686,0.7
ENG-test-1687,0.47
ENG-test-1688,0.47
ENG-test-1689,0.63
ENG-test-1690,0.68
ENG-test-1691,0.47
ENG-test-1692,0.47
ENG-test-1693,0.29
ENG-test-1694,0.25
ENG-test-1695,0.47
ENG-test-1696,0.25
ENG-test-1697,0.4
ENG-test-1698,0.7
ENG-test-1699,0.37
ENG-test-1700,0.25
ENG-test-1701,0.36
ENG-test-1702,0.23
ENG-test-1703,0.25
ENG-test-1704,0.68
ENG-test-1705,0.25
ENG-test-1706,0.76
ENG-test-1707,0.47
ENG-test-1708,0.47
ENG-test-1709,0.7
ENG-test-1710,0.25
ENG-test-1711,0.76
ENG-test-1712,0.47
ENG-test-1713,0.47
ENG-test-1714,0.68
ENG-test-1715,0.7
ENG-test-1716,0.22
ENG-test-1717,0.23
ENG-test-1718,0.47
ENG-test-1719,0.57
ENG-test-1720,0.68
ENG-test-1721,0.63
ENG-test-1722,0.23
ENG-test-1723,0.47
ENG-test-1724,0.47
ENG-test-1725,0.5
ENG-test-1726,0.25
ENG-test-1727,0.5
ENG-test-1728,0.68
ENG-test-1729,0.68
ENG-test-1730,0.47
ENG-test-1731,0.68
ENG-test-1732,0.23
ENG-test-1733,0.47
ENG-test-1734,0.47
ENG-test-1735,0.47
ENG-test-1736,0.54
ENG-test-1737,0.4
ENG-test-1738,0.57
ENG-test-1739,0.47
ENG-test-1740,0.8
ENG-test-1741,0.68
ENG-test-1742,0.47
ENG-test-1743,0.47
ENG-test-1744,0.23
ENG-test-1745,0.4
ENG-test-1746,0.47
ENG-test-1747,0.25
ENG-test-1748,0.29
ENG-test-1749,0.25
ENG-test-1750,0.23
ENG-test-1751,0.47
ENG-test-1752,0.47
ENG-test-1753,0.47
ENG-test-1754,0.47
ENG-test-1755,0.47
ENG-test-1756,0.23
ENG-test-1757,0.47
ENG-test-1758,0.76
ENG-test-1759,0.25
ENG-test-1760,0.68
ENG-test-1761,0.23
ENG-test-1762,0.47
ENG-test-1763,0.47
ENG-test-1764,0.25
ENG-test-1765,0.25
ENG-test-1766,0.7
ENG-test-1767,0.4
ENG-test-1768,0.25
ENG-test-1769,0.25
ENG-test-1770,0.23
ENG-test-1771,0.47
ENG-test-1772,0.68
ENG-test-1773,0.23
ENG-test-1774,0.68
ENG-test-1775,0.25
ENG-test-1776,0.47
ENG-test-1777,0.47
ENG-test-1778,0.25
ENG-test-1779,0.76
ENG-test-1780,0.68
ENG-test-1781,0.23
ENG-test-1782,0.23
ENG-test-1783,0.76
ENG-test-1784,0.5
ENG-test-1785,0.23
ENG-test-1786,0.47
ENG-test-1787,0.7
ENG-test-1788,0.4
ENG-test-1789,0.75
ENG-test-1790,0.22
ENG-test-1791,0.68
ENG-test-1792,0.47
ENG-test-1793,0.7
ENG-test-1794,0.47
ENG-test-1795,0.47
ENG-test-1796,0.25
ENG-test-1797,0.23
ENG-test-1798,0.7
ENG-test-1799,0.25
ENG-test-1800,0.25
ENG-test-1801,0.7
ENG-test-1802,0.29
ENG-test-1803,0.23
ENG-test-1804,0.47
ENG-test-1805,0.5
ENG-test-1806,0.4
ENG-test-1807,0.23
ENG-test-1808,0.47
ENG-test-1809,0.23
ENG-test-1810,0.25
ENG-test-1811,0.37
ENG-test-1812,0.47
ENG-test-1813,0.47
ENG-test-1814,0.7
ENG-test-1815,0.47
ENG-test-1816,0.47
ENG-test-1817,0.36
ENG-test-1818,0.23
ENG-test-1819,0.7
ENG-test-1820,0.47
ENG-test-1821,0.47
ENG-test-1822,0.68
ENG-test-1823,0.68
ENG-test-1824,0.5
ENG-test-1825,0.57
ENG-test-1826,0.21
ENG-test-1827,0.25
ENG-test-1828,0.23
ENG-test-1829,0.29
ENG-test-1830,0.25
ENG-test-1831,0.68
ENG-test-1832,0.76
ENG-test-1833,0.23
ENG-test-1834,0.21
ENG-test-1835,0.47
ENG-test-1836,0.76
ENG-test-1837,0.47
ENG-test-1838,0.47
ENG-test-1839,0.68
ENG-test-1840,0.7
ENG-test-1841,0.25
ENG-test-1842,0.23
ENG-test-1843,0.7
ENG-test-1844,0.7
ENG-test-1845,0.8
ENG-test-1846,0.25
ENG-test-1847,0.29
ENG-test-1848,0.23
ENG-test-1849,0.76
ENG-test-1850,0.7
ENG-test-1851,0.7
ENG-test-1852,0.37
ENG-test-1853,0.29
ENG-test-1854,0.76
ENG-test-1855,0.68
ENG-test-1856,0.23
ENG-test-1857,0.7
ENG-test-1858,0.23
ENG-test-1859,0.68
ENG-test-1860,0.47
ENG-test-1861,0.25
ENG-test-1862,0.29
ENG-test-1863,0.76
ENG-test-1864,0.47
ENG-test-1865,0.47
ENG-test-1866,0.68
ENG-test-1867,0.47
ENG-test-1868,0.23
ENG-test-1869,0.78
ENG-test-1870,0.47
ENG-test-1871,0.57
ENG-test-1872,0.68
ENG-test-1873,0.7
ENG-test-1874,0.7
ENG-test-1875,0.25
ENG-test-1876,0.76
ENG-test-1877,0.23
ENG-test-1878,0.76
ENG-test-1879,0.47
ENG-test-1880,0.23
ENG-test-1881,0.68
ENG-test-1882,0.68
ENG-test-1883,0.7
ENG-test-1884,0.68
ENG-test-1885,0.25
ENG-test-1886,0.47
ENG-test-1887,0.23
ENG-test-1888,0.47
ENG-test-1889,0.5
ENG-test-1890,0.7
ENG-test-1891,0.76
ENG-test-1892,0.21
ENG-test-1893,0.78
ENG-test-1894,0.76
ENG-test-1895,0.47
ENG-test-1896,0.47
ENG-test-1897,0.68
ENG-test-1898,0.47
ENG-test-1899,0.5
ENG-test-1900,0.47
ENG-test-1901,0.47
ENG-test-1902,0.68
ENG-test-1903,0.47
ENG-test-1904,0.57
ENG-test-1905,0.4
ENG-test-1906,0.23
ENG-test-1907,0.47
ENG-test-1908,0.47
ENG-test-1909,0.7
ENG-test-1910,0.47
ENG-test-1911,0.7
ENG-test-1912,0.68
ENG-test-1913,0.68
ENG-test-1914,0.68
ENG-test-1915,0.68
ENG-test-1916,0.76
ENG-test-1917,0.5
ENG-test-1918,0.47
ENG-test-1919,0.7
ENG-test-1920,0.76
ENG-test-1921,0.7
ENG-test-1922,0.23
ENG-test-1923,0.76
ENG-test-1924,0.25
ENG-test-1925,0.25
ENG-test-1926,0.47
ENG-test-1927,0.47
ENG-test-1928,0.7
ENG-test-1929,0.68
ENG-test-1930,0.47
ENG-test-1931,0.7
ENG-test-1932,0.4
ENG-test-1933,0.4
ENG-test-1934,0.47
ENG-test-1935,0.4
ENG-test-1936,0.5
ENG-test-1937,0.47
ENG-test-1938,0.4
ENG-test-1939,0.25
ENG-test-1940,0.35
ENG-test-1941,0.47
ENG-test-1942,0.68
ENG-test-1943,0.23
ENG-test-1944,0.4
ENG-test-1945,0.47
ENG-test-1946,0.76
ENG-test-1947,0.47
ENG-test-1948,0.23
ENG-test-1949,0.37
ENG-test-1950,0.4
ENG-test-1951,0.47
ENG-test-1952,0.23
ENG-test-1953,0.47
ENG-test-1954,0.68
ENG-test-1955,0.23
ENG-test-1956,0.76
ENG-test-1957,0.36
ENG-test-1958,0.7
ENG-test-1959,0.47
ENG-test-1960,0.23
ENG-test-1961,0.36
ENG-test-1962,0.23
ENG-test-1963,0.68
ENG-test-1964,0.7
ENG-test-1965,0.68
ENG-test-1966,0.47
ENG-test-1967,0.7
ENG-test-1968,0.76
ENG-test-1969,0.23
ENG-test-1970,0.47
ENG-test-1971,0.57
ENG-test-1972,0.4
ENG-test-1973,0.4
ENG-test-1974,0.76
ENG-test-1975,0.68
ENG-test-1976,0.23
ENG-test-1977,0.7
ENG-test-1978,0.68
ENG-test-1979,0.23
ENG-test-1980,0.68
ENG-test-1981,0.7
ENG-test-1982,0.25
ENG-test-1983,0.5
ENG-test-1984,0.47
ENG-test-1985,0.23
ENG-test-1986,0.25
ENG-test-1987,0.25
ENG-test-1988,0.47
ENG-test-1989,0.68
ENG-test-1990,0.25
ENG-test-1991,0.7
ENG-test-1992,0.47
ENG-test-1993,0.7
ENG-test-1994,0.4
ENG-test-1995,0.37
ENG-test-1996,0.7
ENG-test-1997,0.47
ENG-test-1998,0.76
ENG-test-1999,0.4
ENG-test-2000,0.29
ENG-test-2001,0.7
ENG-test-2002,0.57
ENG-test-2003,0.29
ENG-test-2004,0.68
ENG-test-2005,0.25
ENG-test-2006,0.4
ENG-test-2007,0.68
ENG-test-2008,0.7
ENG-test-2009,0.47
ENG-test-2010,0.47
ENG-test-2011,0.47
ENG-test-2012,0.23
ENG-test-2013,0.23
ENG-test-2014,0.47
ENG-test-2015,0.68
ENG-test-2016,0.23
ENG-test-2017,0.68
ENG-test-2018,0.7
ENG-test-2019,0.7
ENG-test-2020,0.4
ENG-test-2021,0.5
ENG-test-2022,0.23
ENG-test-2023,0.5
ENG-test-2024,0.25
ENG-test-2025,0.47
ENG-test-2026,0.7
ENG-test-2027,0.47
ENG-test-2028,0.21
ENG-test-2029,0.5
ENG-test-2030,0.68
ENG-test-2031,0.23
ENG-test-2032,0.36
ENG-test-2033,0.47
ENG-test-2034,0.68
ENG-test-2035,0.23
ENG-test-2036,0.68
ENG-test-2037,0.23
ENG-test-2038,0.68
ENG-test-2039,0.25
ENG-test-2040,0.25
ENG-test-2041,0.47
ENG-test-2042,0.25
ENG-test-2043,0.5
ENG-test-2044,0.23
ENG-test-2045,0.76
ENG-test-2046,0.47
ENG-test-2047,0.7
ENG-test-2048,0.63
ENG-test-2049,0.76
ENG-test-2050,0.47
ENG-test-2051,0.76
ENG-test-2052,0.47
ENG-test-2053,0.25
ENG-test-2054,0.29
ENG-test-2055,0.68
ENG-test-2056,0.47
ENG-test-2057,0.47
ENG-test-2058,0.68
ENG-test-2059,0.47
ENG-test-2060,0.4
ENG-test-2061,0.47
ENG-test-2062,0.76
ENG-test-2063,0.47
ENG-test-2064,0.47
ENG-test-2065,0.7
ENG-test-2066,0.7
ENG-test-2067,0.68
ENG-test-2068,0.76
ENG-test-2069,0.76
ENG-test-2070,0.47
ENG-test-2071,0.68
ENG-test-2072,0.68
ENG-test-2073,0.73
ENG-test-2074,0.23
ENG-test-2075,0.7
ENG-test-2076,0.68
ENG-test-2077,0.4
ENG-test-2078,0.47
ENG-test-2079,0.57
ENG-test-2080,0.47
ENG-test-2081,0.68
ENG-test-2082,0.23
ENG-test-2083,0.25
ENG-test-2084,0.47
ENG-test-2085,0.47
ENG-test-2086,0.75
ENG-test-2087,0.5
ENG-test-2088,0.68
ENG-test-2089,0.8
ENG-test-2090,0.23
ENG-test-2091,0.47
ENG-test-2092,0.23
ENG-test-2093,0.68
ENG-test-2094,0.4
ENG-test-2095,0.5
ENG-test-2096,0.23
ENG-test-2097,0.23
ENG-test-2098,0.4
ENG-test-2099,0.23
ENG-test-2100,0.23
ENG-test-2101,0.23
ENG-test-2102,0.47
ENG-test-2103,0.25
ENG-test-2104,0.7
ENG-test-2105,0.25
ENG-test-2106,0.25
ENG-test-2107,0.47
ENG-test-2108,0.47
ENG-test-2109,0.4
ENG-test-2110,0.7
ENG-test-2111,0.76
ENG-test-2112,0.5
ENG-test-2113,0.37
ENG-test-2114,0.7
ENG-test-2115,0.47
ENG-test-2116,0.5
ENG-test-2117,0.23
ENG-test-2118,0.68
ENG-test-2119,0.47
ENG-test-2120,0.4
ENG-test-2121,0.37
ENG-test-2122,0.68
ENG-test-2123,0.5
ENG-test-2124,0.47
ENG-test-2125,0.68
ENG-test-2126,0.8
ENG-test-2127,0.47
ENG-test-2128,0.68
ENG-test-2129,0.47
ENG-test-2130,0.22
ENG-test-2131,0.68
ENG-test-2132,0.4
ENG-test-2133,0.47
ENG-test-2134,0.5
ENG-test-2135,0.23
ENG-test-2136,0.4
ENG-test-2137,0.7
ENG-test-2138,0.47
ENG-test-2139,0.47
ENG-test-2140,0.47
ENG-test-2141,0.7
ENG-test-2142,0.23
ENG-test-2143,0.4
ENG-test-2144,0.5
ENG-test-2145,0.76
ENG-test-2146,0.7
ENG-test-2147,0.68
ENG-test-2148,0.47
ENG-test-2149,0.75
ENG-test-2150,0.7
ENG-test-2151,0.23
ENG-test-2152,0.5
ENG-test-2153,0.47
ENG-test-2154,0.5
ENG-test-2155,0.23
ENG-test-2156,0.4
ENG-test-2157,0.47
ENG-test-2158,0.68
ENG-test-2159,0.47
ENG-test-2160,0.7
ENG-test-2161,0.68
ENG-test-2162,0.68
ENG-test-2163,0.47
ENG-test-2164,0.7
ENG-test-2165,0.7
ENG-test-2166,0.7
ENG-test-2167,0.68
ENG-test-2168,0.23
ENG-test-2169,0.68
ENG-test-2170,0.25
ENG-test-2171,0.47
ENG-test-2172,0.23
ENG-test-2173,0.23
ENG-test-2174,0.47
ENG-test-2175,0.36
ENG-test-2176,0.37
ENG-test-2177,0.68
ENG-test-2178,0.47
ENG-test-2179,0.76
ENG-test-2180,0.5
ENG-test-2181,0.47
ENG-test-2182,0.47
ENG-test-2183,0.23
ENG-test-2184,0.4
ENG-test-2185,0.47
ENG-test-2186,0.47
ENG-test-2187,0.7
ENG-test-2188,0.47
ENG-test-2189,0.23
ENG-test-2190,0.47
ENG-test-2191,0.68
ENG-test-2192,0.47
ENG-test-2193,0.8
ENG-test-2194,0.7
ENG-test-2195,0.47
ENG-test-2196,0.7
ENG-test-2197,0.23
ENG-test-2198,0.23
ENG-test-2199,0.23
ENG-test-2200,0.68
ENG-test-2201,0.7
ENG-test-2202,0.7
ENG-test-2203,0.47
ENG-test-2204,0.7
ENG-test-2205,0.68
ENG-test-2206,0.5
ENG-test-2207,0.25
ENG-test-2208,0.7
ENG-test-2209,0.22
ENG-test-2210,0.5
ENG-test-2211,0.47
ENG-test-2212,0.25
ENG-test-2213,0.5
ENG-test-2214,0.7
ENG-test-2215,0.37
ENG-test-2216,0.7
ENG-test-2217,0.47
ENG-test-2218,0.47
ENG-test-2219,0.23
ENG-test-2220,0.7
ENG-test-2221,0.4
ENG-test-2222,0.7
ENG-test-2223,0.4
ENG-test-2224,0.47
ENG-test-2225,0.47
ENG-test-2226,0.5
ENG-test-2227,0.23
ENG-test-2228,0.5
ENG-test-2229,0.7
ENG-test-2230,0.47
ENG-test-2231,0.23
ENG-test-2232,0.5
ENG-test-2233,0.23
ENG-test-2234,0.47
ENG-test-2235,0.25
ENG-test-2236,0.29
ENG-test-2237,0.25
ENG-test-2238,0.4
ENG-test-2239,0.47
ENG-test-2240,0.23
ENG-test-2241,0.4
ENG-test-2242,0.23
ENG-test-2243,0.68
ENG-test-2244,0.5
ENG-test-2245,0.29
ENG-test-2246,0.23
ENG-test-2247,0.25
ENG-test-2248,0.68
ENG-test-2249,0.25
ENG-test-2250,0.68
ENG-test-2251,0.37
ENG-test-2252,0.7
ENG-test-2253,0.47
ENG-test-2254,0.76
ENG-test-2255,0.68
ENG-test-2256,0.25
ENG-test-2257,0.7
ENG-test-2258,0.7
ENG-test-2259,0.68
ENG-test-2260,0.47
ENG-test-2261,0.47
ENG-test-2262,0.4
ENG-test-2263,0.23
ENG-test-2264,0.76
ENG-test-2265,0.76
ENG-test-2266,0.7
ENG-test-2267,0.23
ENG-test-2268,0.68
ENG-test-2269,0.47
ENG-test-2270,0.76
ENG-test-2271,0.7
ENG-test-2272,0.68
ENG-test-2273,0.76
ENG-test-2274,0.4
ENG-test-2275,0.47
ENG-test-2276,0.25
ENG-test-2277,0.7
ENG-test-2278,0.25
ENG-test-2279,0.5
ENG-test-2280,0.68
ENG-test-2281,0.7
ENG-test-2282,0.21
ENG-test-2283,0.25
ENG-test-2284,0.47
ENG-test-2285,0.47
ENG-test-2286,0.47
ENG-test-2287,0.78
ENG-test-2288,0.47
ENG-test-2289,0.47
ENG-test-2290,0.47
ENG-test-2291,0.68
ENG-test-2292,0.4
ENG-test-2293,0.68
ENG-test-2294,0.47
ENG-test-2295,0.23
ENG-test-2296,0.25
ENG-test-2297,0.47
ENG-test-2298,0.7
ENG-test-2299,0.47
ENG-test-2300,0.23
ENG-test-2301,0.47
ENG-test-2302,0.36
ENG-test-2303,0.5
ENG-test-2304,0.47
ENG-test-2305,0.4
ENG-test-2306,0.37
ENG-test-2307,0.47
ENG-test-2308,0.25
ENG-test-2309,0.7
ENG-test-2310,0.36
ENG-test-2311,0.47
ENG-test-2312,0.23
ENG-test-2313,0.4
ENG-test-2314,0.25
ENG-test-2315,0.22
ENG-test-2316,0.47
ENG-test-2317,0.76
ENG-test-2318,0.7
ENG-test-2319,0.26
ENG-test-2320,0.68
ENG-test-2321,0.7
ENG-test-2322,0.7
ENG-test-2323,0.5
ENG-test-2324,0.76
ENG-test-2325,0.23
ENG-test-2326,0.23
ENG-test-2327,0.7
ENG-test-2328,0.68
ENG-test-2329,0.23
ENG-test-2330,0.37
ENG-test-2331,0.5
ENG-test-2332,0.25
ENG-test-2333,0.37
ENG-test-2334,0.23
ENG-test-2335,0.29
ENG-test-2336,0.23
ENG-test-2337,0.68
ENG-test-2338,0.47
ENG-test-2339,0.4
ENG-test-2340,0.7
ENG-test-2341,0.7
ENG-test-2342,0.25
ENG-test-2343,0.47
ENG-test-2344,0.23
ENG-test-2345,0.23
ENG-test-2346,0.37
ENG-test-2347,0.47
ENG-test-2348,0.47
ENG-test-2349,0.47
ENG-test-2350,0.37
ENG-test-2351,0.7
ENG-test-2352,0.76
ENG-test-2353,0.68
ENG-test-2354,0.47
ENG-test-2355,0.47
ENG-test-2356,0.7
ENG-test-2357,0.4
ENG-test-2358,0.68
ENG-test-2359,0.47
ENG-test-2360,0.47
ENG-test-2361,0.47
ENG-test-2362,0.7
ENG-test-2363,0.76
ENG-test-2364,0.23
ENG-test-2365,0.23
ENG-test-2366,0.68
ENG-test-2367,0.7
ENG-test-2368,0.4
ENG-test-2369,0.4
ENG-test-2370,0.76
ENG-test-2371,0.5
ENG-test-2372,0.5
ENG-test-2373,0.23
ENG-test-2374,0.23
ENG-test-2375,0.78
ENG-test-2376,0.7
ENG-test-2377,0.68
ENG-test-2378,0.25
ENG-test-2379,0.47
ENG-test-2380,0.47
ENG-test-2381,0.76
ENG-test-2382,0.25
ENG-test-2383,0.23
ENG-test-2384,0.76
ENG-test-2385,0.26
ENG-test-2386,0.4
ENG-test-2387,0.47
ENG-test-2388,0.47
ENG-test-2389,0.5
ENG-test-2390,0.47
ENG-test-2391,0.25
ENG-test-2392,0.78
ENG-test-2393,0.4
ENG-test-2394,0.76
ENG-test-2395,0.5
ENG-test-2396,0.47
ENG-test-2397,0.68
ENG-test-2398,0.7
ENG-test-2399,0.47
ENG-test-2400,0.47
ENG-test-2401,0.68
ENG-test-2402,0.68
ENG-test-2403,0.47
ENG-test-2404,0.76
ENG-test-2405,0.68
ENG-test-2406,0.47
ENG-test-2407,0.29
ENG-test-2408,0.47
ENG-test-2409,0.5
ENG-test-2410,0.5
ENG-test-2411,0.25
ENG-test-2412,0.5
ENG-test-2413,0.68
ENG-test-2414,0.25
ENG-test-2415,0.47
ENG-test-2416,0.76
ENG-test-2417,0.47
ENG-test-2418,0.47
ENG-test-2419,0.25
ENG-test-2420,0.37
ENG-test-2421,0.4
ENG-test-2422,0.29
ENG-test-2423,0.47
ENG-test-2424,0.68
ENG-test-2425,0.47
ENG-test-2426,0.5
ENG-test-2427,0.5
ENG-test-2428,0.23
ENG-test-2429,0.47
ENG-test-2430,0.68
ENG-test-2431,0.25
ENG-test-2432,0.47
ENG-test-2433,0.25
ENG-test-2434,0.78
ENG-test-2435,0.25
ENG-test-2436,0.47
ENG-test-2437,0.47
ENG-test-2438,0.68
ENG-test-2439,0.47
ENG-test-2440,0.23
ENG-test-2441,0.5
ENG-test-2442,0.4
ENG-test-2443,0.68
ENG-test-2444,0.7
ENG-test-2445,0.29
ENG-test-2446,0.7
ENG-test-2447,0.4
ENG-test-2448,0.29
ENG-test-2449,0.23
ENG-test-2450,0.23
ENG-test-2451,0.68
ENG-test-2452,0.25
ENG-test-2453,0.4
ENG-test-2454,0.37
ENG-test-2455,0.47
ENG-test-2456,0.23
ENG-test-2457,0.37
ENG-test-2458,0.47
ENG-test-2459,0.5
ENG-test-2460,0.4
ENG-test-2461,0.7
ENG-test-2462,0.47
ENG-test-2463,0.37
ENG-test-2464,0.8
ENG-test-2465,0.47
ENG-test-2466,0.25
ENG-test-2467,0.47
ENG-test-2468,0.68
ENG-test-2469,0.86
ENG-test-2470,0.7
ENG-test-2471,0.47
ENG-test-2472,0.47
ENG-test-2473,0.76
ENG-test-2474,0.47
ENG-test-2475,0.47
ENG-test-2476,0.7
ENG-test-2477,0.47
ENG-test-2478,0.7
ENG-test-2479,0.25
ENG-test-2480,0.7
ENG-test-2481,0.4
ENG-test-2482,0.47
ENG-test-2483,0.25
ENG-test-2484,0.23
ENG-test-2485,0.47
ENG-test-2486,0.47
ENG-test-2487,0.47
ENG-test-2488,0.47
ENG-test-2489,0.47
ENG-test-2490,0.25
ENG-test-2491,0.76
ENG-test-2492,0.47
ENG-test-2493,0.76
ENG-test-2494,0.47
ENG-test-2495,0.25
ENG-test-2496,0.23
ENG-test-2497,0.25
ENG-test-2498,0.29
ENG-test-2499,0.7
ENG-test-2500,0.25
ENG-test-2501,0.7
ENG-test-2502,0.25
ENG-test-2503,0.25
ENG-test-2504,0.23
ENG-test-2505,0.8
ENG-test-2506,0.7
ENG-test-2507,0.4
ENG-test-2508,0.5
ENG-test-2509,0.8
ENG-test-2510,0.29
ENG-test-2511,0.25
ENG-test-2512,0.5
ENG-test-2513,0.4
ENG-test-2514,0.4
ENG-test-2515,0.68
ENG-test-2516,0.76
ENG-test-2517,0.29
ENG-test-2518,0.47
ENG-test-2519,0.7
ENG-test-2520,0.25
ENG-test-2521,0.47
ENG-test-2522,0.68
ENG-test-2523,0.47
ENG-test-2524,0.4
ENG-test-2525,0.63
ENG-test-2526,0.23
ENG-test-2527,0.76
ENG-test-2528,0.47
ENG-test-2529,0.47
ENG-test-2530,0.25
ENG-test-2531,0.47
ENG-test-2532,0.23
ENG-test-2533,0.23
ENG-test-2534,0.68
ENG-test-2535,0.47
ENG-test-2536,0.25
ENG-test-2537,0.29
ENG-test-2538,0.47
ENG-test-2539,0.22
ENG-test-2540,0.7
ENG-test-2541,0.25
ENG-test-2542,0.76
ENG-test-2543,0.47
ENG-test-2544,0.7
ENG-test-2545,0.7
ENG-test-2546,0.47
ENG-test-2547,0.68
ENG-test-2548,0.25
ENG-test-2549,0.25
ENG-test-2550,0.7
ENG-test-2551,0.25
ENG-test-2552,0.23
ENG-test-2553,0.25
ENG-test-2554,0.28
ENG-test-2555,0.68
ENG-test-2556,0.47
ENG-test-2557,0.68
ENG-test-2558,0.5
ENG-test-2559,0.47
ENG-test-2560,0.25
ENG-test-2561,0.52
ENG-test-2562,0.7
ENG-test-2563,0.7
ENG-test-2564,0.76
ENG-test-2565,0.25
ENG-test-2566,0.29
ENG-test-2567,0.25
ENG-test-2568,0.5
ENG-test-2569,0.29
ENG-test-2570,0.78
ENG-test-2571,0.37
ENG-test-2572,0.76
ENG-test-2573,0.5
ENG-test-2574,0.5
ENG-test-2575,0.47
ENG-test-2576,0.25
ENG-test-2577,0.23
ENG-test-2578,0.23
ENG-test-2579,0.7
ENG-test-2580,0.7
ENG-test-2581,0.47
ENG-test-2582,0.23
ENG-test-2583,0.4
ENG-test-2584,0.36
ENG-test-2585,0.5
ENG-test-2586,0.47
ENG-test-2587,0.25
ENG-test-2588,0.7
ENG-test-2589,0.25
ENG-test-2590,0.25
ENG-test-2591,0.23
ENG-test-2592,0.23
ENG-test-2593,0.23
ENG-test-2594,0.4
ENG-test-2595,0.68
ENG-test-2596,0.23
ENG-test-2597,0.23
ENG-test-2598,0.47
ENG-test-2599,0.47
